Advance Averazer,Advance_Averazer.html,,Number:MA-09,System:HMS,Type:Balance,
Advance Eterner,Advance_Eterner.html,,Number:MA-14,System:HMS,Type:Survival,
Advance Guardian,Advance_Guardian.html,,Number:MA-11,System:HMS,Type:Defense,
Advance Striker,Advance_Striker.html,,Number:MA-12,System:HMS,Type:Attack,
Bloody Devil MS,Bloody_Devil_MS.html,,Number:MA-23,System:HMS,Type:Attack,
Dark Leopard MS,Dark_Leopard_MS.html,,Number:MA-16,System:HMS,Type:Balance,
Death Gargoyle MS,Death_Gargoyle_MS.html,,Number:MA-04,System:HMS,Type:Balance,
Draciel MS,Draciel_MS.html,,Number:A-125,System:HMS,Type:Defense,
Dragoon MF,Dragoon_MF.html,,Number:RBA3 Prize,System:HMS,Type:Attack,
Dragoon MS,Dragoon_MS.html,,Number:A-126,System:HMS,Type:Attack,
Dragoon MS UV,Dragoon_MS_UV.html,,Number:MA-01,System:HMS,Type:Attack,
Dranzer MS,Dranzer_MS.html,,Number:A-131,System:HMS,Type:Balance,
Driger MS,Driger_MS.html,,Number:A-124,System:HMS,Type:Balance,
Einstein MS,Einstein_MS.html,,Number:A-136,System:HMS,Type:Balance,
Gaia Dragoon MS,Gaia_Dragoon_MS.html,,Number:A-123,System:HMS,Type:Attack,
Jiraiya MS,Jiraiya_MS.html,,Number:MA-22,System:HMS,Type:Survival,
Magical Ape MS,Magical_Ape_MS.html,,Number:MA-18,System:HMS,Type:Defense,
Phantom Fox MS,Phantom_Fox_MS.html,,Number:MA-15,System:HMS,Type:Attack,
Round Shell MS,Round_Shell_MS.html,,Number:MA-19,System:HMS,Type:Defense,
Samurai Changer MS,Samurai_Changer_MS.html,,Number:MA-20,System:HMS,Type:Balance,
Sea Dragon,Sea_Dragon.html,,Number:N/A,System:HMS,Type:Defense,
Shining God MS,Shining_God_MS.html,,Number:MA-24,System:HMS,Type:Defense,
Slash Riger MS,Slash_Riger_MS.html,,Number:,System:HMS,Type:Attack,
Thunder Dragon,Thunder_Dragon.html,,Number:-,System:HMS,Type:Attack,
Wolborg MS,Wolborg_MS.html,,Number:MA-08,System:HMS,Type:Survival,
Wyvern DJ,Wyvern_DJ.html,,Number:A-130,System:HMS,Type:Attack,
